{"checkpoint_ids":["checkpoint-00000000","checkpoint-00000001","checkpoint-00000003","checkpoint-00000002","checkpoint-00000004","checkpoint-00000006","checkpoint-00000005","checkpoint-00000007","checkpoint-00000008","checkpoint-00000009","checkpoint-00000010","checkpoint-00000012","checkpoint-00000011","checkpoint-00000013","checkpoint-00000014","checkpoint-00000015","checkpoint-00000016","checkpoint-00000018","checkpoint-00000017","checkpoint-00000019","checkpoint-00000020","checkpoint-00000021","checkpoint-00000022","checkpoint-00000024","checkpoint-00000023","checkpoint-00000025","checkpoint-00000026","checkpoint-00000027","checkpoint-00000028","checkpoint-00000030","checkpoint-00000029","checkpoint-00000031","checkpoint-00000032","checkpoint-00000033","checkpoint-00000034","checkpoint-00000036","checkpoint-00000035","checkpoint-00000037","checkpoint-00000038"],"layout_policy":"union_static_spring_or_large_graph_grid","layout_seed":17,"node_positions":{"0":{"x":-1.0,"y":0.09409175},"1":{"x":-0.09403229,"y":-0.99943322},"2":{"x":1.0,"y":-0.0940907},"3":{"x":0.0940435,"y":0.99943322}}}